,epoch,train_loss_kobart,eval_loss_kobart
0,1,0.5214,0.49817922711372375
1,2,0.4395,0.4704260230064392
2,3,0.3882,0.4747557044029236
3,4,0.3426,0.5114866495132446
4,5,0.3045,0.7657305002212524
5,6,0.2703,0.7973547577857971
6,7,0.2413,0.9572793245315552
7,8,0.2193,0.9689106941223145
8,9,0.2033,1.0623518228530884
9,10,0.1866,1.2028725147247314
