,epoch,train_loss_koelectra,eval_loss_koelectra
0,1,0.1748,0.15168766677379608
1,2,0.1506,0.15528039634227753
2,3,0.1353,0.19471393525600433
3,4,0.1203,0.2317890226840973
4,5,0.1065,0.2607725262641907
5,6,0.0928,0.2843005657196045
6,7,0.082,0.32520902156829834
7,8,0.0725,0.41740354895591736
8,9,0.0643,0.46484237909317017
9,10,0.058,0.5021237134933472
