,epoch,train_loss_kobart,eval_loss_kobart
0,1,0.0232,0.011393305845558643
1,2,0.0071,0.009395042434334755
2,3,0.0056,0.0165222380310297
3,4,0.0039,0.008165490813553333
4,5,0.0023,0.011036998592317104
5,6,0.0015,0.011564601212739944
6,7,0.0011,0.013970631174743176
7,8,0.001,0.015445055440068245
8,9,0.0005,0.013028707355260849
9,10,0.0004,0.013668361119925976
