,epoch,train_loss_koelectra,eval_loss_koelectra
0,1,0.4888,0.4458657205104828
1,2,0.4079,0.4477589726448059
2,3,0.359,0.468784362077713
3,4,0.3153,0.5463908314704895
4,5,0.2882,0.6741431951522827
5,6,0.2613,0.724621593952179
6,7,0.2388,0.7989333271980286
7,8,0.2196,0.8723944425582886
8,9,0.2071,0.9980000853538513
9,10,0.1923,1.0784083604812622
